"","dataset1_1","dataset1_2","dataset1_3","dataset1_4","dataset1_5","dataset1_6","dataset1_7","dataset1_8","dataset1_9","dataset1_10","dataset1_11","dataset1_12","dataset1_13","dataset1_14","dataset1_15","dataset1_16","dataset1_17","dataset1_18","dataset1_19","dataset1_20"
"fOTU1600",3.27450145715315e-05,0,0,0,6.5490029143063e-05,0,0.000130980058286126,0.000130980058286126,0.000785880349716756,0,0,0.000360195160286846,3.27450145715315e-05,0,0.00153901568486198,0.000196470087429189,0.000982350437145945,3.27450145715315e-05,0.000523920233144504,0
"fOTU223",0.00497724221487279,0,0,0,0,0,0,3.27450145715315e-05,0,0,0.000360195160286846,0,0.000360195160286846,0.000785880349716756,0,0,0,0,0.000425685189429909,9.82350437145945e-05
"fOTU269",0.00392940174858378,0.00720390320573693,0.000753135335145224,0,0.000556665247716035,0,0.000753135335145224,0.00022921510200072,0.00199744588886342,0,0.00111333049543207,0,0.000261960116572252,0,3.27450145715315e-05,0,0,0,0,0
"fOTU4497",0.000916860408002882,0.00726939323487999,0.000687645306002161,0.00140803562657585,0.00212842594714955,0,9.82350437145945e-05,0.00428959690887062,0.000261960116572252,0.00311077638429549,0.000753135335145224,0.00275058122400864,0.00320901142801009,0.00166999574314811,0.000196470087429189,0.00687645306002161,0,0.0058286125937326,0.00327450145715315,0.00255411113657946
"fOTU27",0.000261960116572252,0.000130980058286126,0.000327450145715315,0.000523920233144504,0.000785880349716756,0,0.000622155276859098,0.00065490029143063,0.00022921510200072,0.000425685189429909,0.000458430204001441,0.000261960116572252,0.000818625364288287,0.000261960116572252,3.27450145715315e-05,0.000261960116572252,0,0.000130980058286126,0.000261960116572252,0.000818625364288287
"fOTU463",0.00127705556828973,0.00494449720030125,0.000458430204001441,0.00212842594714955,0.000916860408002882,0,0.00258685615115099,0.00667998297259242,0.00350371655915387,0,0.00399489177772684,0.00232489603457874,0.00576312256458954,0.000392940174858378,0.000163725072857657,0.000556665247716035,0,0,0.00425685189429909,0.000327450145715315
"fOTU2015",0.00065490029143063,0,0.000130980058286126,0.00559939749173188,0.000589410262287567,0,0.000523920233144504,0.000294705131143783,0.0173876027374832,0,0.00121156553914666,0,0.000818625364288287,0,0.004682537083729,0,0,0,0.00022921510200072,0.0011460755100036
"fOTU3835",3.27450145715315e-05,0,0,0.000458430204001441,0,0,0,0.00121156553914666,0,0.000130980058286126,6.5490029143063e-05,0.00022921510200072,9.82350437145945e-05,0.000130980058286126,0,0.000130980058286126,0,0.000851370378859819,6.5490029143063e-05,0.000949605422574413
"fOTU196",0.00252136612200792,0,0.000392940174858378,0.000196470087429189,0,0,0.000196470087429189,0.000261960116572252,0,0,0.000851370378859819,9.82350437145945e-05,0.000523920233144504,0.000589410262287567,0,0.00065490029143063,0,0,0.00022921510200072,0.000687645306002161
"fOTU3308",0.0612004322341923,0.0215134745734962,0.0571400504273224,0.0201709289760634,0.056124954975605,0,0.0799305805691084,0.00569763253544648,0.0854317430171256,0.016077802154622,0.154032548544484,0.0122793804643243,0.1135269655195,0.00815350862831134,0.00848095877402665,0.014604276498903,0.00108058548086054,0.0120829103768951,0.140770817643014,0.0308785487409542
"fOTU560",3.27450145715315e-05,0,0.000261960116572252,0,0,0,0.000720390320573693,6.5490029143063e-05,0.000261960116572252,0,0.00271783620943711,0,0,0,0,0,0,0,0,0
"fOTU1193",0,0,0.000327450145715315,0,0.00144078064114739,0,0.000556665247716035,0.000163725072857657,0,0,0.000196470087429189,3.27450145715315e-05,0.00101509545171748,0,0,0,0,0,0.000556665247716035,0.000818625364288287
"fOTU4380",0.140836307672157,0.00540292740430269,0.0952879924031566,0.000818625364288287,0.0351354006352533,0,0.0579914208061823,0.0332034447755329,0.00422410687972756,0.00573037755001801,0.116375781787223,0.00360195160286846,0.0427977340449917,0.00838272373031206,0.00802252857002521,0.00717115819116539,0.00458430204001441,3.27450145715315e-05,0.0835652771865484,0.0389010773109794
"fOTU310",0.00317626641343855,0,0.00284881626772324,0.000163725072857657,0.00170274075771964,0,0.000163725072857657,0.00180097580143423,0.000491175218572972,0.00170274075771964,0.000130980058286126,3.27450145715315e-05,3.27450145715315e-05,0.00022921510200072,0,9.82350437145945e-05,0,0,0,0
"fOTU1332",0.000196470087429189,0,3.27450145715315e-05,0.00127705556828973,0.000196470087429189,0,0.000163725072857657,0.000360195160286846,0.000523920233144504,0,0,0.00166999574314811,0,0.00157176069943351,0,0.000360195160286846,0,0,0.00134254559743279,0
"fOTU2640",0,0,9.82350437145945e-05,0,0.000327450145715315,0,0.000360195160286846,0.00343822653001081,9.82350437145945e-05,3.27450145715315e-05,0.000589410262287567,0,0,0.000360195160286846,3.27450145715315e-05,3.27450145715315e-05,0,3.27450145715315e-05,0,3.27450145715315e-05
"fOTU1491",0.00674547300173549,0,0.0407675431415567,0,0.0283899276335178,0,0.0194505386554897,0.0141458462949016,0.000261960116572252,0,0.0357903009266839,0,0.0173548577229117,0.0012443105537182,0.00134254559743279,0.00389665673401225,0,0.00664723795802089,0.0111660499688922,0.00196470087429189
"fOTU1525",0.0017682307868627,0.00022921510200072,0.000523920233144504,0,0,0,6.5490029143063e-05,0.000163725072857657,0.00756409836602377,0.0012443105537182,0.0059268476374472,0.000556665247716035,0.000261960116572252,0,0.000196470087429189,0,0,0.0339565801106781,0.00278332623858018,0.00704017813287927
"fOTU219",0.000818625364288287,0.000130980058286126,0.000622155276859098,0.000130980058286126,0.000491175218572972,0,0.000556665247716035,0,0.00180097580143423,6.5490029143063e-05,0.0022921510200072,0.000130980058286126,0.000261960116572252,0,3.27450145715315e-05,0.00022921510200072,0,6.5490029143063e-05,0.000916860408002882,6.5490029143063e-05
"fOTU778",0,0,0,0,6.5490029143063e-05,0,0.000196470087429189,0.0167981924751957,0.000327450145715315,0,0.00189921084514883,0,0.000130980058286126,0.000392940174858378,0.00589410262287567,0.00245587609286486,0,0,6.5490029143063e-05,0.000753135335145224
"fOTU816",3.27450145715315e-05,0,0.000163725072857657,0,0.00281607125315171,0,0.000720390320573693,0.000294705131143783,0.000687645306002161,0,0.00104784046628901,3.27450145715315e-05,3.27450145715315e-05,0,0.000458430204001441,0.000163725072857657,0,0,0.000425685189429909,0
"fOTU3720",6.5490029143063e-05,0,6.5490029143063e-05,0,0.000130980058286126,0,0.000261960116572252,0,0.000130980058286126,0,0.00484626215658666,9.82350437145945e-05,0,0,0,0,0,0,6.5490029143063e-05,0.000163725072857657
"fOTU284",9.82350437145945e-05,0.00121156553914666,0.00180097580143423,0,0.000818625364288287,0,0.00088411539343135,0,0,0,0.000949605422574413,0,0.00022921510200072,0,0.000130980058286126,0,0,0,0.000687645306002161,0
"fOTU602",0.0101836995317463,0,0.0107731097940339,0,0.0294377680998068,0,0.00527194734601657,0.00186646583057729,0.0022921510200072,0.000622155276859098,0.0270801270506565,0.000130980058286126,0.0971872032483054,0,0.00111333049543207,0.021873669733783,0,0,0.00694194308916467,0.00088411539343135
"fOTU576",0.00360195160286846,0.017125642620911,0.00700743311830774,0.00104784046628901,0.00540292740430269,0,0.000851370378859819,0.0030125413405809,0.00275058122400864,3.27450145715315e-05,0.00170274075771964,0,0.00235764104915027,3.27450145715315e-05,0.000130980058286126,0.00458430204001441,3.27450145715315e-05,0,0,0
"fOTU115",0,0,0.000261960116572252,0,0,0,0.000130980058286126,0.00144078064114739,0,0,0.000360195160286846,0,0.000327450145715315,0,0,0.000687645306002161,0,0,0,0.00163725072857657
"fOTU452",6.5490029143063e-05,0,9.82350437145945e-05,0.000523920233144504,0.00199744588886342,0,0.00130980058286126,0,0.000916860408002882,0,0.00108058548086054,0.000556665247716035,0.000392940174858378,0.00127705556828973,0.000392940174858378,0.000196470087429189,0,0,0,0
"fOTU1414",0.0157503520089066,6.5490029143063e-05,0.0249189560889355,3.27450145715315e-05,0.0280297324732309,0,0.034316775270965,0.00088411539343135,0.00962703428403026,6.5490029143063e-05,0.0138511411637578,0,0.0153901568486198,0,0.00108058548086054,0.00458430204001441,0.000130980058286126,3.27450145715315e-05,0.033334424833819,0.00134254559743279
"fOTU1283",0.000425685189429909,0,0.00117882052457513,0,0,0,0.0012443105537182,0.000589410262287567,6.5490029143063e-05,0.000687645306002161,0.00448606699629981,0,0.000392940174858378,0,0,0.000163725072857657,0,0,0.000753135335145224,0.000130980058286126
"fOTU1507",0,0,0.000556665247716035,0.00101509545171748,0,0,0,0,0.000720390320573693,0.00022921510200072,0,0,0.000130980058286126,3.27450145715315e-05,9.82350437145945e-05,0,6.5490029143063e-05,0.0147025115426176,0,3.27450145715315e-05
"fOTU1229",0.000360195160286846,0,0.000327450145715315,0,0.000130980058286126,0,3.27450145715315e-05,6.5490029143063e-05,0,0,0,0.000523920233144504,0.00203019090343495,0,0,0,0,0,0.000261960116572252,0.000425685189429909
"fOTU796",0.00121156553914666,0.00317626641343855,0,0,0.000261960116572252,0,0.000261960116572252,0.00173548577229117,0.00275058122400864,0,0,0,0,0,0,0,0,0,0,0
"fOTU282",0.00327450145715315,0.00222666099086414,0.000392940174858378,0.00219391597629261,0.00022921510200072,0,0.00022921510200072,0.00166999574314811,0.000818625364288287,0.000818625364288287,0.00173548577229117,3.27450145715315e-05,0.000458430204001441,6.5490029143063e-05,0,0,0,0.00121156553914666,0.00088411539343135,0.000589410262287567
"fOTU635",0.00117882052457513,0,0.000458430204001441,0.000196470087429189,0.000196470087429189,0,0.000523920233144504,0.000261960116572252,0.00212842594714955,0.00137529061200432,0.00101509545171748,0,0,0,0,0,0,0,0.000196470087429189,0.00104784046628901
"fOTU2870",0.00111333049543207,0.0075968433805953,0,0.00324175644258162,0.00022921510200072,0,0,6.5490029143063e-05,0.000261960116572252,0,0.000720390320573693,0,0.000196470087429189,0,0.00022921510200072,0,0.000196470087429189,0,0.00340548151543927,0.008317233701169
"fOTU1187",0.000753135335145224,0,0.000360195160286846,0,0,0,0,0.000392940174858378,6.5490029143063e-05,0.000491175218572972,9.82350437145945e-05,0.000785880349716756,0,6.5490029143063e-05,0,0.000949605422574413,0,0.00160450571400504,3.27450145715315e-05,0.00638527784144864
"fOTU227",0.00278332623858018,0,0,3.27450145715315e-05,3.27450145715315e-05,0,0,0,0.00789154851173909,0,9.82350437145945e-05,0,0,0.0120829103768951,0,0,0,0,0.0111987949834638,0.000622155276859098
"fOTU1377",9.82350437145945e-05,0,9.82350437145945e-05,0,0,0,0,0.000196470087429189,0.0041586168505845,0.00104784046628901,0.000294705131143783,0,6.5490029143063e-05,0.00104784046628901,0.000130980058286126,0,3.27450145715315e-05,0,0,0
"fOTU1209",0.000622155276859098,0,0.00022921510200072,0.0162415272274796,0.0022921510200072,0,0,0.000720390320573693,0.000294705131143783,0,0.000294705131143783,0.00258685615115099,0,0.000130980058286126,0,0,0,0,0,0.00117882052457513
"fOTU190",0.00733488326402305,0.00537018238973116,0.0030125413405809,0.00720390320573693,0.0144405514260454,0,0.00235764104915027,0.0123121254788958,0.00203019090343495,0,0.00667998297259242,0.0382134320049772,0.00749860833688071,0.0030125413405809,0.0117554602311798,0.0247879760306493,0.0108713448377485,0.0402436229084122,0.0152919218049052,0.00609057271030486
"fOTU405",0,0,0.000851370378859819,0,0.000163725072857657,0,9.82350437145945e-05,9.82350437145945e-05,3.27450145715315e-05,0.00180097580143423,0.000818625364288287,0,0,0,0,0,0,0,0,0.000261960116572252
"fOTU639",6.5490029143063e-05,0,0.00173548577229117,0.00232489603457874,0.00153901568486198,0,0.00265234618029405,0.000982350437145945,0.00723664822030846,0,0.00255411113657946,0,0.000622155276859098,6.5490029143063e-05,0,0.0058286125937326,0,0,0.00022921510200072,0.00065490029143063
"fOTU669",0,0,0.00065490029143063,0,0.00022921510200072,0,0.000163725072857657,0.00189921084514883,0,0,0,0.000294705131143783,0,0,0,0,6.5490029143063e-05,0,0,0
"fOTU54",0.00170274075771964,0,0.00275058122400864,0,0.000392940174858378,0,0.000753135335145224,0.00117882052457513,0.000163725072857657,0,0.00101509545171748,0,0.00258685615115099,0,0,0.00245587609286486,3.27450145715315e-05,0,0.000687645306002161,0
"fOTU496",3.27450145715315e-05,0,0,0.00360195160286846,0,0,0.000622155276859098,0.000785880349716756,0,0,0.000196470087429189,0,0,0,6.5490029143063e-05,0,0,0,0,0
"fOTU118",0.00455155702544288,0.0995120992828842,0.00255411113657946,0.222567864042699,0.0477749762598644,0,0.00180097580143423,0.0167654474606241,0.00671272798716395,0.0012443105537182,0.000327450145715315,0.0310422738138118,0.02907757293952,0.148564131111038,0.000458430204001441,0.0308785487409542,0,0.0458757654147156,0.0172238776646256,0.28756671796719
"fOTU87",0.00108058548086054,0,0.00150627067029045,0,0.00157176069943351,0,0.000523920233144504,0.00314352139886702,0,0.00065490029143063,0.000360195160286846,0.0136219260617571,0.00104784046628901,0.00065490029143063,0,0.00874291889059891,0,0.00412587183601297,0.000261960116572252,0.0102819345754609
"fOTU404",0.00533743737515963,0.00153901568486198,0.00694194308916467,0.00248862110743639,0.0030125413405809,0,0.00199744588886342,0.000327450145715315,0.00651625789973477,0,0.0175185827957693,0.00494449720030125,0.00127705556828973,0,6.5490029143063e-05,0.0076950784243099,0.000163725072857657,0,0.00311077638429549,0.000818625364288287
"fOTU1170",3.27450145715315e-05,0,0.000360195160286846,0,0.000818625364288287,0,3.27450145715315e-05,0,3.27450145715315e-05,0,0.00157176069943351,0,0,3.27450145715315e-05,3.27450145715315e-05,0.00022921510200072,0,0,0.000556665247716035,0
"fOTU209",0.000261960116572252,0.00160450571400504,3.27450145715315e-05,0,0.000392940174858378,0,0,3.27450145715315e-05,0.00121156553914666,0,0,0,0.00022921510200072,0,0,0,0,0,0,0
"fOTU1169",0.00317626641343855,3.27450145715315e-05,0.00772782343888143,0.000327450145715315,0.00700743311830774,0,0.0075968433805953,0.000163725072857657,0.00311077638429549,0.000327450145715315,0.00514096728773044,0.000196470087429189,0.00268509119486558,3.27450145715315e-05,0.000327450145715315,0.00088411539343135,0,0,0.00232489603457874,0.000949605422574413
"fOTU2134",0.00258685615115099,0,0.0012443105537182,0.0040603818068699,0.00245587609286486,0,0.000949605422574413,0,0.0011460755100036,0,0,0.00144078064114739,0,0,0.00569763253544648,0,0.00556665247716035,0,0.000163725072857657,0.00108058548086054
"fOTU1114",0.000425685189429909,0.000425685189429909,0.00222666099086414,0.00101509545171748,0.00320901142801009,0,0.00271783620943711,0,0.000622155276859098,0.00022921510200072,0.00491175218572972,9.82350437145945e-05,0.00451881201087135,6.5490029143063e-05,0.000327450145715315,0.000163725072857657,6.5490029143063e-05,0.000163725072857657,0.00612331772487639,0.000196470087429189
"fOTU4324",0.000458430204001441,0,0.000130980058286126,0,0.0029143062968663,0,0.000589410262287567,0,0.00304528635515243,0.00311077638429549,0.000687645306002161,0,0.000916860408002882,0,9.82350437145945e-05,0,6.5490029143063e-05,0,0.00180097580143423,9.82350437145945e-05
"fOTU4570",0,0,0,0.00186646583057729,0.000491175218572972,0,0,0,0.00622155276859098,0,0,0.00101509545171748,0,0,0,0,6.5490029143063e-05,0,0.00363469661743999,0.00180097580143423
"fOTU1015",0.00795703854088215,0.137005140967288,0.0137856511346148,0.114738531058646,0.0133272209306133,0,0.0124103605226104,0.0417171485641311,0.00943056419660107,0.126526736304398,0.00631978781230558,0.0411604833164151,0.0187628933494875,0.0213824945152101,0.00104784046628901,0.09001604505714,0.000327450145715315,0.0641147385310586,0.0142768263531877,0.0778676446511019
"fOTU1011",0.00356920658829693,0.0191230885097744,0.000163725072857657,0.000196470087429189,0,0,0,0.000261960116572252,0,0.00248862110743639,0,0.000294705131143783,0,0.00275058122400864,0,0,0,0,0,0.00127705556828973
"fOTU2981",0.000196470087429189,0,0.00022921510200072,3.27450145715315e-05,9.82350437145945e-05,0,0.000949605422574413,0.000196470087429189,0.000327450145715315,0,0.000130980058286126,0,0,0,3.27450145715315e-05,0,0,0,0.00144078064114739,0
"fOTU4639",0.00130980058286126,0.0536363338681686,0.0047807721274436,0,0,0,0,0,0,0,0,0.000294705131143783,0,0.00088411539343135,0,0,0,0,0,0.00180097580143423
"fOTU1839",0,0,0,0,0,0,0,0,0,0.0108058548086054,0.00471528209830053,0.000425685189429909,0,0.000196470087429189,3.27450145715315e-05,0,0,0,0.000163725072857657,0.000785880349716756
"fOTU1044",0.0137201611054717,0.00186646583057729,0.000196470087429189,0,0,0,0,0,0.000130980058286126,0.00304528635515243,0.000196470087429189,0.00104784046628901,0,0.00252136612200792,0,6.5490029143063e-05,0,0,0.000196470087429189,0.0151609417466191
"fOTU768",0.000327450145715315,0,0,0.000425685189429909,0,0,0,0.00504273224401585,0.000130980058286126,0,0,0.000294705131143783,3.27450145715315e-05,0,0,0.000196470087429189,0,0.00170274075771964,3.27450145715315e-05,0.00533743737515963
"fOTU734",0,0,0.000163725072857657,0,9.82350437145945e-05,0,0.000523920233144504,9.82350437145945e-05,0.000523920233144504,0.00173548577229117,0.000392940174858378,0,0,0.000851370378859819,0,0,0,0,3.27450145715315e-05,9.82350437145945e-05
"fOTU123",0.00808801859916828,0.022921510200072,0.00022921510200072,0,0,0,0,0,0.000360195160286846,0,0,0.00147352565571892,0,0,0,0,0,0,0.00065490029143063,0.0116899702020367
"fOTU1045",0,0.00170274075771964,0,0.00088411539343135,0,0,0,0.000916860408002882,0,0.0105766397066047,9.82350437145945e-05,0.000818625364288287,0,0,0,0.00117882052457513,0,0.00311077638429549,0,0
"fOTU281",0.000360195160286846,0.0114935001146076,0,0.0130325157994695,0,0,0,0.000851370378859819,0.000491175218572972,0.00867742886145584,0.000196470087429189,0.0012443105537182,0,0.000261960116572252,0,0.00121156553914666,0,0.00255411113657946,0,0.00117882052457513
"fOTU2219",0.00641802285602017,0.00140803562657585,0.00160450571400504,0.0053046923605881,0.00203019090343495,0,0.000163725072857657,0,0.045286355152428,0,0.004682537083729,0,0.0100854644880317,0.00108058548086054,0.00311077638429549,0.0012443105537182,3.27450145715315e-05,0,0.00487900717115819,0.00199744588886342
"fOTU561",0.00330724647172468,6.5490029143063e-05,0.00347097154458234,3.27450145715315e-05,0.00209568093257802,0,0.0017682307868627,0.000589410262287567,9.82350437145945e-05,0.000130980058286126,0.00127705556828973,3.27450145715315e-05,0.000523920233144504,6.5490029143063e-05,0.000196470087429189,0.000294705131143783,0,0,0.00108058548086054,0.000360195160286846
"fOTU1185",0.00962703428403026,0.000720390320573693,0,0,0.00127705556828973,0,0,6.5490029143063e-05,0.000261960116572252,0,0.0116899702020367,0.00108058548086054,0,0,0,0,0,0,0.00700743311830774,0.00144078064114739
"fOTU842",0.000392940174858378,0.00134254559743279,0,0.000916860408002882,0,0,0,0,0.000294705131143783,0,0.000392940174858378,0,0,0,0,0,0,0,0.000261960116572252,0
"fOTU271",0,0.00144078064114739,0,0,0.000294705131143783,0,0,0.000130980058286126,0.000491175218572972,0,0.000261960116572252,0.00065490029143063,0,0,0,0,0,0,0,0
"fOTU1212",0.000196470087429189,0,3.27450145715315e-05,0.00933232915288647,0.000130980058286126,0,0,3.27450145715315e-05,0.000196470087429189,0,0,3.27450145715315e-05,0.000163725072857657,0,0,0,0,0,6.5490029143063e-05,0.000196470087429189
"fOTU1313",0.0304201185369527,3.27450145715315e-05,0.085333507973411,0.000491175218572972,0.0924064311208618,0.000982350437145945,0.05046006745473,0.00484626215658666,0.0064507678705917,0.0011460755100036,0.0449261599921412,0.00209568093257802,0.0422410687972756,0.000196470087429189,0.00871017387602738,0.0247224860015063,0.000622155276859098,6.5490029143063e-05,0.107305412750909,0.00815350862831134
"fOTU409",6.5490029143063e-05,0,0.00153901568486198,0,0.0017682307868627,0,0.000327450145715315,0.000130980058286126,0,0,0.000851370378859819,0,0.000130980058286126,0,9.82350437145945e-05,0,0,0,0.000785880349716756,0
"fOTU1264",3.27450145715315e-05,0,0,0,0,0,3.27450145715315e-05,0.000130980058286126,0.000130980058286126,0,0,0,0.00157176069943351,3.27450145715315e-05,0,0,0,0,0.000622155276859098,0.000556665247716035
"fOTU1026",0.000622155276859098,0,0.000523920233144504,0,0,0,0,0,0.00425685189429909,0.00628704279773405,0,0,0.000294705131143783,0,0,0.000130980058286126,0,0,0.000130980058286126,0.00127705556828973
"fOTU553",0.0041586168505845,6.5490029143063e-05,0.00288156128229477,3.27450145715315e-05,0.00144078064114739,0,0.00203019090343495,0.000785880349716756,0.000458430204001441,6.5490029143063e-05,0.00376567667572612,6.5490029143063e-05,0.00150627067029045,9.82350437145945e-05,9.82350437145945e-05,0.00022921510200072,6.5490029143063e-05,0,0.00206293591800648,0.0011460755100036
"fOTU1509",9.82350437145945e-05,0.027047382036085,0,0.00834997871574053,0,0,3.27450145715315e-05,0.00206293591800648,0.00147352565571892,0.0278332623858018,0,0.00749860833688071,0.000556665247716035,0.00173548577229117,0,0.02180817970464,0,0.0508857526441599,0,0.0139166311929009
"fOTU754",0.000261960116572252,0.00140803562657585,0,0.00163725072857657,0,0,0.000720390320573693,6.5490029143063e-05,0.00022921510200072,0,0,0,0,0,0,0,0,0,0,0.000294705131143783
"fOTU2317",0.000458430204001441,0,0,0,0,0,3.27450145715315e-05,0,0.00265234618029405,0,0,0,0.00137529061200432,0.00022921510200072,0,0,0,0,0.000294705131143783,0.0011460755100036
"fOTU1067",0,0,0,0.00609057271030486,0,0,0,0.00203019090343495,0.00150627067029045,0.0376240217426897,0,0,0.000261960116572252,0.000949605422574413,0,0.00153901568486198,0,0,0.000130980058286126,6.5490029143063e-05
"fOTU1063",0,0,0,0.00779331346802449,0,0,0,0.00111333049543207,0.000163725072857657,0.00166999574314811,0,0.000196470087429189,0,0,0,0.0022921510200072,0,0.000785880349716756,0,9.82350437145945e-05
"fOTU3854",0.00550116244801729,0.00127705556828973,0.00333999148629621,0,0.00219391597629261,0,0.00376567667572612,0.00284881626772324,0,0,0.0157176069943351,0.00484626215658666,0.00222666099086414,0.000491175218572972,0.000261960116572252,0.00193195585972036,0,0.00383116670486918,0.00137529061200432,0.00022921510200072
"fOTU3645",0.015029961688333,0.0165034873440519,0.0117882052457513,0.0323193293821016,0.0713186417367956,0,0.0023903860637218,0.00933232915288647,0.0490192868135826,0.00576312256458954,0.0172238776646256,0.00288156128229477,0.00409312682144144,6.5490029143063e-05,0.000392940174858378,0.0181407380726284,0,0.00111333049543207,0.0212515144569239,0.00320901142801009
"fOTU1350",0,0,0.000196470087429189,0,3.27450145715315e-05,0,9.82350437145945e-05,0,0.0012443105537182,0,0.000523920233144504,0.000196470087429189,0.000458430204001441,0.000196470087429189,3.27450145715315e-05,0,0,0,3.27450145715315e-05,0.000458430204001441
"fOTU692",0.000130980058286126,3.27450145715315e-05,0.000261960116572252,6.5490029143063e-05,0.000458430204001441,0,0.00088411539343135,0.000130980058286126,0.000130980058286126,9.82350437145945e-05,0.000294705131143783,6.5490029143063e-05,0.000327450145715315,0,6.5490029143063e-05,0.000261960116572252,0,0,3.27450145715315e-05,3.27450145715315e-05
"fOTU1172",0.00212842594714955,0,0.000851370378859819,0,9.82350437145945e-05,0,0.0943056419660107,0.00022921510200072,0.00232489603457874,0.0089393889780281,0.00157176069943351,0,9.82350437145945e-05,0,0,0,0,0,0.00140803562657585,0.00127705556828973
"fOTU1476",0,0,0,0.000163725072857657,0,0,0,3.27450145715315e-05,0,0.00183372081600576,0,0.00134254559743279,9.82350437145945e-05,0.000360195160286846,0,0,0,0.00183372081600576,0,0.000163725072857657
"fOTU1002",0.00022921510200072,0,0,0,0.000163725072857657,0,0.00219391597629261,0.00144078064114739,0.0146697665280461,0.00533743737515963,0.000622155276859098,0,0.000130980058286126,0,3.27450145715315e-05,0,0,0,0.000163725072857657,0
"fOTU996",0.0035364615737254,0.0250499361472216,0.00242313107829333,0.0336291299649628,0.0011460755100036,0,0.0023903860637218,0.152788237990766,0.0296669832018075,0.155244114083631,0.000982350437145945,0.00271783620943711,0.0017682307868627,0.0059268476374472,3.27450145715315e-05,0.0243295458266479,0,0.0244277808703625,0.00157176069943351,0.0082189986574544
"fOTU316",0.000360195160286846,0,0.00232489603457874,0,0.00232489603457874,0,0.00248862110743639,9.82350437145945e-05,0.00281607125315171,0,0.000196470087429189,0,9.82350437145945e-05,0,6.5490029143063e-05,0,3.27450145715315e-05,0,0.00160450571400504,0.000491175218572972
"fOTU954",0.00379842169029765,0,0.00108058548086054,0.0047807721274436,0.00432234192344216,0,0.00271783620943711,0.00923409410917188,0.0254756213366515,0,0.000294705131143783,0.00461704705458594,0.00065490029143063,0.00121156553914666,0.000261960116572252,0.0187956383640591,6.5490029143063e-05,0.000753135335145224,0.00137529061200432,0.00471528209830053
"fOTU152",0.010969579881463,0.0011460755100036,0.0305183535806673,0.00304528635515243,0.0576312256458954,0.115000491175219,0.0471200759684338,0.0017682307868627,0.0105438946920331,0.0106748747503193,0.0256720914240807,0.0011460755100036,0.02544287632208,6.5490029143063e-05,0.00523920233144504,0.0132944759160418,0.000327450145715315,0.0023903860637218,0.0583516159664691,0.00392940174858378
"fOTU1334",0.000130980058286126,0,0,0,6.5490029143063e-05,0,0.000163725072857657,0.000130980058286126,0,0,0.000622155276859098,0,0.000523920233144504,0.000163725072857657,6.5490029143063e-05,0,0,0,0.000196470087429189,0.00117882052457513
"fOTU2983",0.00297979632600937,0,0.00265234618029405,0,0.0011460755100036,0,0,0.000491175218572972,0.000523920233144504,0.00412587183601297,0.00219391597629261,0.00101509545171748,0.00216117096172108,0.00183372081600576,0.000130980058286126,0,0,0,0.00117882052457513,0.00209568093257802
"fOTU431",0.000327450145715315,0,0.00222666099086414,0.0075968433805953,0,0,0.00137529061200432,0.00776056845345296,0.00559939749173188,0,0.000491175218572972,0.00173548577229117,0.00245587609286486,0,0,0.000360195160286846,0,0,0,0.000687645306002161
"fOTU255",0,0.00137529061200432,0,0.00203019090343495,0,0,0,0.000130980058286126,0.000392940174858378,0.0106093847211762,0,0.00510822227315891,9.82350437145945e-05,0.00304528635515243,0,0.00111333049543207,0,0.00527194734601657,0,0.000163725072857657
"fOTU1397",0.00910311405088575,0,0.00160450571400504,0.000425685189429909,0.00681096303087855,0,0.0103146795900324,0.000163725072857657,0.0274075771963719,0,0.0259340515406529,0,0.00933232915288647,3.27450145715315e-05,0.00268509119486558,0.000360195160286846,0.00117882052457513,0,0.0312714889158126,0.00373293166115459
"fOTU651",0.00121156553914666,0,6.5490029143063e-05,0,3.27450145715315e-05,0,0.00121156553914666,0.000360195160286846,0.000130980058286126,0,0,0,0.00304528635515243,0,0.000687645306002161,0.00370018664658306,0,0,0,0.00507547725858738
"fOTU5634",0.000163725072857657,0,0,0,6.5490029143063e-05,0,0.000556665247716035,0.000130980058286126,0.000753135335145224,0,0,0,0.00203019090343495,0.00163725072857657,3.27450145715315e-05,0,9.82350437145945e-05,0,0.000491175218572972,0
"fOTU1227",0.000916860408002882,0,0.000392940174858378,0,0.00163725072857657,0,0,0,0,0,0.000130980058286126,0,0.00212842594714955,0,0.000163725072857657,0,0,0,0,0
"fOTU879",3.27450145715315e-05,0,3.27450145715315e-05,0,9.82350437145945e-05,0,0.000294705131143783,0.00101509545171748,0.0011460755100036,0,0,0,0.00163725072857657,0.00111333049543207,0,0,0,0,0.000261960116572252,0
"fOTU393",0.0416844035495596,0,0.00366744163201153,0.0152591767903337,0.00065490029143063,0,0.000491175218572972,0.00137529061200432,0.00445332198172828,0.00284881626772324,0.013490946003471,0.00527194734601657,0.00497724221487279,0.000196470087429189,0,0,6.5490029143063e-05,0,0.00494449720030125,0.000687645306002161
"fOTU4021",0.000589410262287567,0.00140803562657585,0.00022921510200072,0.000294705131143783,3.27450145715315e-05,0,0,0.00101509545171748,0.00022921510200072,0.0017682307868627,0.000130980058286126,0.00206293591800648,0,0.0430596941615639,0,0.0109368348668915,0,0.00189921084514883,0.000785880349716756,0.0089393889780281
"fOTU1342",0,0,0,0,0.000196470087429189,0,9.82350437145945e-05,0.000163725072857657,0.00160450571400504,0,0.000196470087429189,0,0,0.000392940174858378,0,0,0,0,9.82350437145945e-05,0.000589410262287567
"fOTU618",0,0,0,0,0.000523920233144504,0.624283702806248,0.000163725072857657,0,0.000491175218572972,0,0,0,0,0,0,9.82350437145945e-05,0,0.000425685189429909,0,0.000425685189429909
"fOTU1440",0.000949605422574413,0.00779331346802449,6.5490029143063e-05,0.00671272798716395,0.000556665247716035,0,0.000130980058286126,0.00566488752087495,0.00700743311830774,0.00969252431317332,0.000261960116572252,0.00327450145715315,0.000327450145715315,0.00265234618029405,0,0.0017682307868627,0,0.00871017387602738,0.00065490029143063,0.00779331346802449
"fOTU886",0.00022921510200072,0.0022921510200072,0.000589410262287567,0,0.000327450145715315,0,0.000130980058286126,0.00022921510200072,0.00311077638429549,0.000392940174858378,0,0,0,3.27450145715315e-05,0,6.5490029143063e-05,0,3.27450145715315e-05,0.000163725072857657,0
"fOTU5158",3.27450145715315e-05,0.00550116244801729,6.5490029143063e-05,0.000916860408002882,0,0,0,0,0,0,0,6.5490029143063e-05,0,6.5490029143063e-05,0,0,0,0,0.000130980058286126,0
"fOTU727",0.000982350437145945,0,0.000163725072857657,0,0.00137529061200432,0,0,0.000392940174858378,0,0,0.000261960116572252,0,0,0,6.5490029143063e-05,0,0,0,0,0
"fOTU3036",0.00108058548086054,0,0.000982350437145945,0.000491175218572972,0.00487900717115819,0,0.00907036903631422,0.00108058548086054,0.0157503520089066,0,0.000589410262287567,0,3.27450145715315e-05,0,0.000261960116572252,9.82350437145945e-05,0,0.00360195160286846,0.00252136612200792,9.82350437145945e-05
"fOTU4564",0.000818625364288287,0.00150627067029045,0.00455155702544288,0.00442057696715675,0.00854644880316972,0,0.00333999148629621,0.00180097580143423,0.00212842594714955,0.00216117096172108,0.0272765971380857,0.00147352565571892,0.00671272798716395,0.00117882052457513,0.00556665247716035,0.0129342807557549,0.000556665247716035,0,0.00232489603457874,0.00258685615115099
"fOTU1250",0.000327450145715315,0,0.000556665247716035,0,0,0,0.000294705131143783,0,0.000163725072857657,0,0.000392940174858378,0,0.00127705556828973,0,0,0,0,0,0,0
"fOTU335",0.000261960116572252,0.00255411113657946,0.00134254559743279,0,9.82350437145945e-05,0,0,0.000130980058286126,0.000425685189429909,0,0,0.00402763679229837,0.000294705131143783,0,0,0.000556665247716035,0,0,0.000163725072857657,0.00199744588886342
"fOTU583",0.000196470087429189,0,0.000622155276859098,0.000130980058286126,0.000425685189429909,0,0,0,0.0012443105537182,0,0,0,0.000130980058286126,0,0,0,0,0,0.000458430204001441,0
"fOTU1138",0.00258685615115099,0.00648351288516323,0.00609057271030486,0.00684370804545008,0.00913585906545728,0,0.0177150528831985,0.00242313107829333,0.00880840891974197,0,0.0112315399980353,0,0.00795703854088215,0.00370018664658306,0.00193195585972036,0.00605782769573332,0.000261960116572252,0,0.0112970300271784,0.00566488752087495
"fOTU1368",0,0,0.000163725072857657,0,0.000130980058286126,0,0,0.000360195160286846,9.82350437145945e-05,0,0.00157176069943351,0.000949605422574413,0.000589410262287567,0.000261960116572252,0,0.00127705556828973,0,0.0064507678705917,0,0.00166999574314811
"fOTU6155",0,0,0,0,0.000360195160286846,0,0.000130980058286126,0,0.00389665673401225,0,0.000163725072857657,0,0,0,0.000130980058286126,0,0,0,0.000163725072857657,0.000687645306002161
"fOTU2472",0.000294705131143783,0,0.00088411539343135,0,0.00789154851173909,0,0.00674547300173549,0.0151281967320475,0.0023903860637218,0,0.00913585906545728,0.000425685189429909,0,0.012999770784898,0.000916860408002882,0,0.000196470087429189,0,0.000163725072857657,0
"fOTU645",0.0400798978355545,0,0.200792429352631,0.00189921084514883,0.0541602541013131,0,0.0506237925275877,0.00602508268116179,0.00101509545171748,0,0.022921510200072,0,0.0614623923507646,0.00245587609286486,0.008317233701169,0.171321916238253,0,0,0.00923409410917188,0.016143292183765
"fOTU2809",0.000589410262287567,3.27450145715315e-05,0.000556665247716035,0,0.000294705131143783,0,0.000294705131143783,9.82350437145945e-05,3.27450145715315e-05,0,0.000523920233144504,3.27450145715315e-05,0.000261960116572252,3.27450145715315e-05,9.82350437145945e-05,3.27450145715315e-05,9.82350437145945e-05,0,0.000327450145715315,0.00022921510200072
"fOTU1166",0.00108058548086054,0,0.00294705131143783,0,0.00225940600543567,0,0.00022921510200072,0.000785880349716756,0.00160450571400504,0,0.0030125413405809,0.00540292740430269,0,0.000687645306002161,3.27450145715315e-05,0.00144078064114739,0,0,0.00065490029143063,3.27450145715315e-05
"fOTU4635",0.00402763679229837,0.0125413405808966,0.000425685189429909,0.00553390746258882,0.000327450145715315,0,0,0.00350371655915387,0.000294705131143783,0.000491175218572972,0.0011460755100036,0.0053046923605881,0.00022921510200072,0.00900487900717116,0.000523920233144504,0.0168964275189102,0.000425685189429909,0.00288156128229477,0.00956154425488719,0.0152264317757621
"fOTU919",0.000622155276859098,0,0.000196470087429189,0.00255411113657946,0,0,0,9.82350437145945e-05,0.000916860408002882,0,9.82350437145945e-05,0,0,0,0,0.00199744588886342,0,0,0,0
"fOTU604",0.000818625364288287,0,0.000196470087429189,0,0.0921772160188611,0,0,0.0040603818068699,0.000130980058286126,0,0,0,0.00157176069943351,0,3.27450145715315e-05,0,0,0,0,0.00022921510200072
"fOTU1333",0,0,0.000261960116572252,0.00851370378859819,0,0,0,0,0,0,0,0,3.27450145715315e-05,0.00628704279773405,0,0.000392940174858378,0,0.00504273224401585,0,0
"fOTU297",0.000196470087429189,0.00140803562657585,3.27450145715315e-05,0,9.82350437145945e-05,0,0.00101509545171748,6.5490029143063e-05,0.000458430204001441,0,0.0030125413405809,0,0,0.000327450145715315,0.00183372081600576,0.00088411539343135,0,0,0.000261960116572252,0
"fOTU934",0,0,6.5490029143063e-05,0,0,0,6.5490029143063e-05,0.00104784046628901,0.0022921510200072,0,0.00022921510200072,0,0.000130980058286126,0.000753135335145224,0,0,3.27450145715315e-05,0,6.5490029143063e-05,3.27450145715315e-05
"fOTU53",0.00386391171944072,0,0.00923409410917188,0.00271783620943711,0.0180425030289138,0,0.0040603818068699,0.00022921510200072,0.00618880775401945,0,0.00576312256458954,0.000556665247716035,0.000916860408002882,3.27450145715315e-05,0.00160450571400504,0,0,0,0.0131634958577557,0
"fOTU1188",0.000622155276859098,0,3.27450145715315e-05,0,0,0,0.000130980058286126,0.000556665247716035,0.000327450145715315,0.00150627067029045,0.000589410262287567,0.000622155276859098,0.000130980058286126,3.27450145715315e-05,0,0,0,0.00307803136972396,0,0
"fOTU1496",0.00340548151543927,0,0.00834997871574053,0,0.000392940174858378,0,0.00317626641343855,0.000458430204001441,0,0,0.00825174367202593,0.00474802711287207,0.00497724221487279,0.000261960116572252,0.000196470087429189,0.0112642850126068,0,0.0281934575460886,0.00304528635515243,0.00134254559743279
"fOTU135",0.000327450145715315,0,0.000327450145715315,0.000982350437145945,0,0,0.000196470087429189,0.000425685189429909,0.0035364615737254,0,0.00127705556828973,0.00212842594714955,0,0,0,0,0,0,0.000261960116572252,0
"fOTU976",0.00022921510200072,0,9.82350437145945e-05,0,0.000294705131143783,0,0.000425685189429909,0.00022921510200072,0,0.00265234618029405,0.000261960116572252,0,3.27450145715315e-05,0,3.27450145715315e-05,0,0,0,9.82350437145945e-05,0
"fOTU681",0.000720390320573693,0,0.0022921510200072,0,0.000589410262287567,0,0.00212842594714955,0.000294705131143783,0.000785880349716756,0,0.000949605422574413,0,0.00022921510200072,0,0,0,0,0,0.000818625364288287,0
"fOTU3534",0,0,0.000392940174858378,0,0,0,3.27450145715315e-05,9.82350437145945e-05,0.000720390320573693,0,6.5490029143063e-05,0.0115589901437506,0.00265234618029405,0,0,0,0,0.000491175218572972,0.000425685189429909,0.00144078064114739
"fOTU333",0.00170274075771964,0.000360195160286846,0.004682537083729,0,0.000851370378859819,0,0.00258685615115099,0.00360195160286846,0.000458430204001441,0,0.00514096728773044,0.0011460755100036,0.00579586757916107,0.000491175218572972,0.000327450145715315,0.00284881626772324,0,0,0.0023903860637218,0
"fOTU6534",0.000294705131143783,0,0.000392940174858378,0,0.000622155276859098,0,0.000163725072857657,0,0,0,0.000392940174858378,0,0.00203019090343495,0,9.82350437145945e-05,0,0,0,0.000425685189429909,0
"fOTU237",0.198565768361767,0,0,0,0.00186646583057729,0,0.00314352139886702,0.00271783620943711,0,0,0.00484626215658666,0.00271783620943711,0.000982350437145945,0.00936507416745801,0,0,0,0,0.00704017813287927,0.000949605422574413
"fOTU6053",0,0.0133599659451848,0,0,0,0,0,0.00104784046628901,0,0.00199744588886342,0,0.00022921510200072,0,0.00209568093257802,0,0.00383116670486918,0,0.00841546874488359,0,0.00720390320573693
"fOTU380",6.5490029143063e-05,0.00474802711287207,0.000163725072857657,0,0,0,0,9.82350437145945e-05,0.000753135335145224,0,0.000327450145715315,0.000130980058286126,0,0.00022921510200072,0,0.00022921510200072,0,0,0,0
"fOTU510",0.00173548577229117,0,0.00225940600543567,0,0.000491175218572972,0,0,0.00022921510200072,0,0,0.000523920233144504,0,0.000163725072857657,0,3.27450145715315e-05,0.00261960116572252,0,0,0,0
"fOTU133",0.000130980058286126,0,0,0.00366744163201153,0,0,0,0.000163725072857657,0,0,0.000130980058286126,0.00022921510200072,0,0,0,0,0,0,3.27450145715315e-05,0
"fOTU966",0.000425685189429909,0.000327450145715315,0.000327450145715315,0.000294705131143783,0.000982350437145945,0,0.00130980058286126,9.82350437145945e-05,0.00121156553914666,0.00022921510200072,0.00340548151543927,9.82350437145945e-05,0.00275058122400864,0.000196470087429189,0.000163725072857657,0.000196470087429189,0,9.82350437145945e-05,0.00252136612200792,0.000392940174858378
"fOTU44",0,0,0.000130980058286126,9.82350437145945e-05,0.00022921510200072,0,3.27450145715315e-05,0.00153901568486198,9.82350437145945e-05,0,0.000425685189429909,6.5490029143063e-05,3.27450145715315e-05,6.5490029143063e-05,0.000130980058286126,0,0,0,0.000163725072857657,0.000327450145715315
"fOTU3278",0.00088411539343135,0.00183372081600576,0.00022921510200072,0,0.00363469661743999,0,0.000916860408002882,0.00150627067029045,0.000458430204001441,0.00838272373031206,0.00317626641343855,0.000491175218572972,0.000818625364288287,9.82350437145945e-05,3.27450145715315e-05,0.000687645306002161,0,0.00088411539343135,0.00648351288516323,0.00225940600543567
"fOTU1066",0.000294705131143783,0,3.27450145715315e-05,0.00451881201087135,0.000294705131143783,0,0.000360195160286846,0.00615606273944792,0.00144078064114739,0.00609057271030486,0.000982350437145945,0.00111333049543207,0.00160450571400504,0,0,0.00275058122400864,0,0.00537018238973116,0.000261960116572252,0.00121156553914666
"fOTU822",0.000851370378859819,3.27450145715315e-05,0.00193195585972036,3.27450145715315e-05,0.00160450571400504,0,0.00242313107829333,9.82350437145945e-05,0.000589410262287567,9.82350437145945e-05,0.00134254559743279,6.5490029143063e-05,0.00101509545171748,0,0,0.000392940174858378,0,3.27450145715315e-05,0.000687645306002161,0.000130980058286126
"fOTU3212",0.00121156553914666,0,6.5490029143063e-05,0,0,0,0,3.27450145715315e-05,0.00127705556828973,0,0.000491175218572972,0,0,0.000130980058286126,0,0,3.27450145715315e-05,0,0.000360195160286846,0
"fOTU987",0.00022921510200072,0,0.000556665247716035,0.00288156128229477,0,0,3.27450145715315e-05,6.5490029143063e-05,0,0.000818625364288287,9.82350437145945e-05,0.000130980058286126,0,0,0,0,0,0,0,0.00088411539343135
"fOTU650",0.00445332198172828,0,0.00517371230230197,0,0.000130980058286126,0,0.00209568093257802,0.00163725072857657,0.00399489177772684,0,9.82350437145945e-05,0,0,0,0,0,0,0,0,0
"fOTU3514",0.000687645306002161,6.5490029143063e-05,0.00104784046628901,0,0.000196470087429189,0,0.00065490029143063,0.000163725072857657,6.5490029143063e-05,3.27450145715315e-05,0.000589410262287567,3.27450145715315e-05,0.000196470087429189,0,0,3.27450145715315e-05,3.27450145715315e-05,0,0.000130980058286126,0.000425685189429909
"fOTU749",0,0,0.000851370378859819,0,6.5490029143063e-05,0,0,0,0.00916860408002882,0,0.00065490029143063,0,0.000360195160286846,6.5490029143063e-05,3.27450145715315e-05,0.000622155276859098,0,0,0.000753135335145224,0
"fOTU1223",0.000196470087429189,0.00376567667572612,0,0,0,0,0,0.000130980058286126,0.00022921510200072,0,0,9.82350437145945e-05,0.000163725072857657,0,0,0,0,0,0.000261960116572252,0
"fOTU3432",0.00022921510200072,0,0.000622155276859098,0,0.000163725072857657,0,3.27450145715315e-05,6.5490029143063e-05,0.00121156553914666,0,0.000130980058286126,0.000163725072857657,3.27450145715315e-05,0,3.27450145715315e-05,0.000130980058286126,0,0,0.00127705556828973,0.000261960116572252
"fOTU82",0.00268509119486558,0,0.0194177936409182,0,0.00304528635515243,0,0.00933232915288647,0.00333999148629621,0.00363469661743999,0,0.0131634958577557,0.000818625364288287,0.0596941615639019,0.00170274075771964,0.000851370378859819,0.00183372081600576,3.27450145715315e-05,0.00442057696715675,0.0165034873440519,0.00392940174858378
"fOTU835",9.82350437145945e-05,0,3.27450145715315e-05,0,6.5490029143063e-05,0,0.000130980058286126,3.27450145715315e-05,0.00252136612200792,0,0.000425685189429909,0,0.000130980058286126,0,0,3.27450145715315e-05,0,0,0.000589410262287567,3.27450145715315e-05
"fOTU1515",3.27450145715315e-05,0,0,3.27450145715315e-05,0,0,0.000458430204001441,0.000622155276859098,0.00130980058286126,0,3.27450145715315e-05,0,0.00370018664658306,0.00111333049543207,3.27450145715315e-05,0.000589410262287567,3.27450145715315e-05,0.00130980058286126,0.000196470087429189,0.00216117096172108
"fOTU1814",0.00252136612200792,0,0.00798978355545368,0.00304528635515243,0.00540292740430269,0,0.00504273224401585,0.0719735420282262,0.00537018238973116,6.5490029143063e-05,0.0212842594714955,0.00104784046628901,0.00500998722944432,0.00573037755001801,0.00170274075771964,0.000622155276859098,0.000130980058286126,0.00399489177772684,0.00248862110743639,0.00537018238973116
"fOTU652",0.00419136186515603,0,0.00288156128229477,3.27450145715315e-05,0.00435508693801369,0,0.0041586168505845,0.00170274075771964,0.00422410687972756,0,0.00203019090343495,0.000589410262287567,0.000360195160286846,6.5490029143063e-05,0.000196470087429189,0.00163725072857657,3.27450145715315e-05,3.27450145715315e-05,0.00121156553914666,0.00166999574314811
"fOTU299",0.000130980058286126,0.0023903860637218,0,0,0,0,0,0.00022921510200072,0,0,0,0.000196470087429189,0,0.000130980058286126,0,0.000523920233144504,0,0.00163725072857657,0,0
"fOTU1324",0,0,0,0,0,0,3.27450145715315e-05,0,0,0,0,0,0.00180097580143423,0.00163725072857657,9.82350437145945e-05,0.000851370378859819,0,0,0.000589410262287567,0
"fOTU4175",0.0076950784243099,0.0040603818068699,0.000720390320573693,0,9.82350437145945e-05,0,9.82350437145945e-05,6.5490029143063e-05,0.000687645306002161,0.00173548577229117,0.000360195160286846,0,0,0.000720390320573693,0,0,0,0,0.000392940174858378,0
"fOTU1245",0.000851370378859819,0.00419136186515603,0.00314352139886702,0,0.00733488326402305,0,0.00527194734601657,0.00573037755001801,0.00252136612200792,0,0.00245587609286486,0.00117882052457513,0.0220046497920692,0.00153901568486198,0.00294705131143783,0.00602508268116179,0.000163725072857657,0.00599233766659026,0.00419136186515603,0.00163725072857657
"fOTU1215",0.000360195160286846,0.00599233766659026,3.27450145715315e-05,0,0.000360195160286846,0,0,0,0,0,0.00134254559743279,0.00514096728773044,0,0,0,0,0,0,0.000916860408002882,0.000327450145715315
"fOTU3620",0.000458430204001441,0,9.82350437145945e-05,0,0.000261960116572252,0,0,0.00166999574314811,0,0,0.00065490029143063,0.00065490029143063,0,0.000523920233144504,6.5490029143063e-05,0.000851370378859819,0,0.000523920233144504,0.00065490029143063,9.82350437145945e-05
"fOTU4258",0.000720390320573693,0,0.000491175218572972,0,0.00196470087429189,0,0.000130980058286126,0.00121156553914666,0,0.00183372081600576,0.000753135335145224,0.00288156128229477,0.000163725072857657,0,0.000261960116572252,0,0.00022921510200072,0,9.82350437145945e-05,0.000491175218572972
"fOTU997",0.000130980058286126,0,0.0029143062968663,0.00166999574314811,0.00196470087429189,0,0.00225940600543567,0.000327450145715315,0.0259667965552245,0.00255411113657946,0.00340548151543927,0.000425685189429909,0.000458430204001441,0,0.000360195160286846,0,0,0,0.00111333049543207,0.00140803562657585
"fOTU2325",0.00180097580143423,0,0.000196470087429189,0.0137529061200432,0.000916860408002882,0,0.000589410262287567,0.000916860408002882,0.0440747896132814,0,0.00242313107829333,0,0.00108058548086054,0,0.00844821375945512,0,3.27450145715315e-05,0,0.000261960116572252,0.00140803562657585
"fOTU3531",0.000392940174858378,0.000261960116572252,0.000327450145715315,0.000556665247716035,0.000392940174858378,0,0.000327450145715315,0.000360195160286846,0.00022921510200072,0.000360195160286846,0.000130980058286126,0.000196470087429189,0.000130980058286126,9.82350437145945e-05,3.27450145715315e-05,0.000622155276859098,0,9.82350437145945e-05,3.27450145715315e-05,0.000818625364288287
"fOTU1363",0,0,0,0.000425685189429909,0,0,0,0.000163725072857657,0,0,0,3.27450145715315e-05,0,0.000425685189429909,0,0.00209568093257802,0,0,0,0.00104784046628901
"fOTU979",0,0.00022921510200072,0.000785880349716756,0.000687645306002161,0,0,3.27450145715315e-05,0.000163725072857657,0.000818625364288287,0.000720390320573693,0.000130980058286126,0,0,0,0,0,0,0,0,0
"fOTU671",0,0.000523920233144504,0,0,0,0,3.27450145715315e-05,0,0,0.000392940174858378,0.00242313107829333,0,0,0,3.27450145715315e-05,0,0,0,3.27450145715315e-05,0
"fOTU145",0.00180097580143423,0,0.00209568093257802,0,0.00297979632600937,0,0.00311077638429549,6.5490029143063e-05,0.00121156553914666,0.000294705131143783,0.00153901568486198,3.27450145715315e-05,0.00163725072857657,0,9.82350437145945e-05,0.000360195160286846,0,0,0.0011460755100036,0.000425685189429909
"fOTU9",0.000720390320573693,0.000982350437145945,9.82350437145945e-05,0,0.000130980058286126,0,0.00232489603457874,0.00144078064114739,0.000687645306002161,0,0.00022921510200072,0,0.00163725072857657,0,0.000556665247716035,0.00134254559743279,0,0,0.00546841743344576,0.000818625364288287
"fOTU1249",0.00753135335145224,0,0.0190248534660598,0.0118864402894659,0.00186646583057729,0,0.00808801859916828,0.000982350437145945,0.00733488326402305,0,0.00333999148629621,0.00111333049543207,0.0107731097940339,0.00022921510200072,0.00180097580143423,0.00219391597629261,0,0,0.0186974033203445,0.0119846753331805
"fOTU3116",0.00134254559743279,0,0.000589410262287567,0,0.00104784046628901,0,0.00127705556828973,3.27450145715315e-05,0.00556665247716035,3.27450145715315e-05,0.00199744588886342,3.27450145715315e-05,0.0012443105537182,3.27450145715315e-05,6.5490029143063e-05,3.27450145715315e-05,0,0,0.00147352565571892,0.000556665247716035
"fOTU1131",0.00268509119486558,0,0.000622155276859098,0,0,0,0.000163725072857657,0.000753135335145224,0,0,0.00599233766659026,0.00278332623858018,0.000458430204001441,0,0.000261960116572252,0,0,0,0.000556665247716035,0.000425685189429909
"fOTU249",0.0161105471691935,0.02907757293952,0.0110023248960346,0.00651625789973477,0.00278332623858018,0,0.00317626641343855,0.00808801859916828,0.000622155276859098,0,0.00144078064114739,0,0.00988899440060251,0.000720390320573693,0.000851370378859819,0.00396214676315531,0,0,0.00717115819116539,0.00180097580143423
"fOTU1140",0.000720390320573693,0,0.00553390746258882,0.00117882052457513,0.000916860408002882,0,0.00186646583057729,0.0108058548086054,0.00278332623858018,0,0.00736762827859458,0.00153901568486198,0.000916860408002882,0.000491175218572972,0.00022921510200072,0,0,0,0.0030125413405809,0
"fOTU1086",0.000360195160286846,0,0.000261960116572252,0,0.00104784046628901,0,0.000196470087429189,0,0.00412587183601297,0.00327450145715315,0.00170274075771964,0,0.000261960116572252,0,0.000163725072857657,0.00117882052457513,0,0,0.000753135335145224,0
"fOTU454",0.000851370378859819,0.00288156128229477,0.000294705131143783,0.00186646583057729,0,0,3.27450145715315e-05,0.000523920233144504,0.00065490029143063,0,6.5490029143063e-05,0.000360195160286846,9.82350437145945e-05,0,0,0.000327450145715315,0,0,0.00111333049543207,0
"fOTU580",0.00166999574314811,0,0.00373293166115459,0.00121156553914666,0.00261960116572252,0,0.00193195585972036,0.0012443105537182,0.00956154425488719,0,0.00399489177772684,0.000916860408002882,0.00386391171944072,6.5490029143063e-05,0.000294705131143783,0.00137529061200432,6.5490029143063e-05,0,0.00386391171944072,0.000556665247716035
"fOTU50",0.000327450145715315,0,0,0,0,0,0,0,0.000785880349716756,0,0.000589410262287567,0,0,3.27450145715315e-05,0,0,0,0,0.000622155276859098,0.000785880349716756
"fOTU5593",9.82350437145945e-05,3.27450145715315e-05,0.00166999574314811,0,0.000556665247716035,0,0.000392940174858378,0.00317626641343855,0.00203019090343495,0.00307803136972396,0.0059268476374472,0,0,3.27450145715315e-05,0.00104784046628901,3.27450145715315e-05,3.27450145715315e-05,0,0.000523920233144504,0
"fOTU661",0.000523920233144504,0,0.00140803562657585,0,0.00180097580143423,0,0.000916860408002882,0.0108385998231769,0.00206293591800648,0,0.00173548577229117,0.00130980058286126,0.000261960116572252,0.0012443105537182,0.00153901568486198,0.00445332198172828,0,0,0.000360195160286846,0.000949605422574413
"fOTU2191",0.00022921510200072,0,0.00206293591800648,0.00225940600543567,0.000687645306002161,0,0.000523920233144504,0.00163725072857657,0.000392940174858378,0,3.27450145715315e-05,0,0.000163725072857657,0,3.27450145715315e-05,0.000392940174858378,0,0.000130980058286126,3.27450145715315e-05,0.000392940174858378
"fOTU4575",9.82350437145945e-05,0.00261960116572252,9.82350437145945e-05,0.000785880349716756,0,0.133730639510135,0.000294705131143783,0,0.000458430204001441,0,0.00147352565571892,0.000327450145715315,0,0.000130980058286126,0.000720390320573693,0.000392940174858378,0.000949605422574413,0.00255411113657946,0,0.000392940174858378
"fOTU1431",0.00173548577229117,0.00104784046628901,0.00183372081600576,0.0191885785389175,0.00121156553914666,0,0.000589410262287567,0.00117882052457513,0.0355938308392547,0.0476112511870068,0,0.000458430204001441,0.000687645306002161,0,0,0.00749860833688071,0,0,0.000196470087429189,0.00491175218572972
"fOTU1406",0,0,0,0.000458430204001441,0.000163725072857657,0,0,9.82350437145945e-05,0,0.000785880349716756,0,0,9.82350437145945e-05,0,0,0.0011460755100036,0,0.000261960116572252,0.00022921510200072,0
"fOTU49",0.00284881626772324,0.00108058548086054,0.00776056845345296,0.00235764104915027,0.00474802711287207,0,0.00461704705458594,0.0118536952748944,0.0167654474606241,0.00628704279773405,0.00232489603457874,0.00288156128229477,0.00635253282687711,0.00104784046628901,0.000163725072857657,0.0205638691509218,0,0.00412587183601297,0.00694194308916467,0.00180097580143423
"fOTU1024",0,0,0.000392940174858378,0,9.82350437145945e-05,0,3.27450145715315e-05,0.000294705131143783,0.0011460755100036,0.00392940174858378,0.00022921510200072,0,0.000327450145715315,0,0.000261960116572252,0,3.27450145715315e-05,0,0.000392940174858378,0
"fOTU2948",0,0,0.000392940174858378,0,0.000916860408002882,0,0,0.000523920233144504,0.000556665247716035,0,0,0,0,0,9.82350437145945e-05,0,0,0.00412587183601297,0,0.000425685189429909
"fOTU993",0.000196470087429189,0.00150627067029045,3.27450145715315e-05,0,0,0,0,0.00186646583057729,3.27450145715315e-05,0.00144078064114739,0,0,0,3.27450145715315e-05,0,0.00137529061200432,0,0,0,0.000261960116572252
"fOTU1945",0,0,0,0.00065490029143063,3.27450145715315e-05,0,0.00370018664658306,0,0.000589410262287567,0,0,0,0,0,0.026556206817512,0,0.0266544418612266,0,0.000327450145715315,0
"fOTU57",0.00225940600543567,0,0.00111333049543207,0,0.000785880349716756,0,0.000818625364288287,0.00451881201087135,0.00798978355545368,0.00756409836602377,0.00186646583057729,0.00088411539343135,0.000458430204001441,0.00464979206915747,0.00248862110743639,0.00088411539343135,0,0,0.000982350437145945,0.00199744588886342
"fOTU978",0,0,0,0.0106748747503193,0,0,0,0.000360195160286846,0,0.0595959265201873,0,0.0022921510200072,0,0.000491175218572972,0,0,0,0.0200726939323488,0,0
"fOTU1308",9.82350437145945e-05,0,0.000949605422574413,0,0.000392940174858378,0,0.000818625364288287,0.0118536952748944,0.00373293166115459,0,9.82350437145945e-05,0.000327450145715315,0.00150627067029045,0.000327450145715315,6.5490029143063e-05,0.00612331772487639,0,0,0.000392940174858378,6.5490029143063e-05
"fOTU4562",0.000720390320573693,0,9.82350437145945e-05,0.000261960116572252,6.5490029143063e-05,0,0.000327450145715315,0,0.000458430204001441,0.00157176069943351,0,0.0023903860637218,0,6.5490029143063e-05,0,0,0,0,0.000392940174858378,0.000982350437145945
"fOTU3794",0.00216117096172108,0,0.00527194734601657,0,0,0,0.000687645306002161,0,0.000687645306002161,0,0,0,0.00101509545171748,0.000261960116572252,9.82350437145945e-05,0,0,0,0,0
"fOTU160",0.000458430204001441,0,0.0035364615737254,0,3.27450145715315e-05,0,9.82350437145945e-05,0,0,0,0,0,0.00307803136972396,0,0,0,0,0,0,0.000458430204001441
"fOTU137",0.000491175218572972,0,0.000327450145715315,0,0.000130980058286126,0,0.00196470087429189,0,0,0,0.000261960116572252,0,6.5490029143063e-05,0,0,0,0,0,6.5490029143063e-05,0.000261960116572252
"fOTU254",6.5490029143063e-05,0.00180097580143423,3.27450145715315e-05,0,3.27450145715315e-05,0,9.82350437145945e-05,0,0.00065490029143063,0,3.27450145715315e-05,0,0.000294705131143783,0,9.82350437145945e-05,0,0.000196470087429189,0.000720390320573693,0,6.5490029143063e-05
"fOTU113",0,0,0.000163725072857657,0.000523920233144504,6.5490029143063e-05,0,0,3.27450145715315e-05,0.000785880349716756,0.000261960116572252,6.5490029143063e-05,0.000458430204001441,3.27450145715315e-05,0.000130980058286126,0,0.000196470087429189,0,0,6.5490029143063e-05,0.000851370378859819
"fOTU2182",6.5490029143063e-05,0,6.5490029143063e-05,0.00108058548086054,6.5490029143063e-05,0,6.5490029143063e-05,6.5490029143063e-05,0.0011460755100036,0.000818625364288287,0,0.000294705131143783,0.00022921510200072,3.27450145715315e-05,0.000491175218572972,0,0.000589410262287567,0.00216117096172108,0,0.000163725072857657
"fOTU1016",0,0,0,0.000491175218572972,0,0,0,0,0.000360195160286846,0.00491175218572972,0,0.000491175218572972,0,9.82350437145945e-05,0,0.000458430204001441,0,0,0,0
"fOTU5173",0,0.00753135335145224,0,0,3.27450145715315e-05,0,0.000622155276859098,0,3.27450145715315e-05,0,0,0.00278332623858018,0,9.82350437145945e-05,0.00507547725858738,0.000392940174858378,0.0059268476374472,0.00638527784144864,3.27450145715315e-05,3.27450145715315e-05
"fOTU647",0.0253773862929369,0.171551131340253,0.00753135335145224,0.0890664396345656,0.00916860408002882,0,0.098267788729166,0.107436392809195,0.0287501227938046,0.16785094469367,0.0249844461180785,0.303546285078097,0.0333016798192475,0.310651953240119,0.537935099381119,0.0401453878646976,0.601525917679033,0.102066210419464,0.0590720062870428,0.0437145944529945
"fOTU2169",0,0,0,0,0,0,0.000523920233144504,0,0.000687645306002161,0,0,3.27450145715315e-05,0,0,0.00812076361373981,0,0.00992173941517404,0,6.5490029143063e-05,0
"fOTU1340",0.000294705131143783,0.0137529061200432,0.000196470087429189,0.00337273650086774,0,0,0,0.0413569534038443,0.000294705131143783,0,0,0.0172893676937686,0,0.179966600085137,0,0.053046923605881,3.27450145715315e-05,0.00697468810373621,0.0148007465863322,0.0139493762074724
"fOTU1143",0.00186646583057729,0,0.00163725072857657,0.0445659648318543,0.00108058548086054,0,0.00573037755001801,0.00307803136972396,0.00641802285602017,0,0.00324175644258162,0.0247552310160778,0.00065490029143063,0.0163070172566227,0,0.00288156128229477,9.82350437145945e-05,0.0111987949834638,0.00216117096172108,0.00609057271030486
"fOTU1869",0.000360195160286846,0,3.27450145715315e-05,0,0.000327450145715315,0,0,0.00065490029143063,0,0,0,0,0,0,0.000196470087429189,0,6.5490029143063e-05,0,9.82350437145945e-05,0.00484626215658666
"fOTU3479",0,0.00022921510200072,3.27450145715315e-05,0.00615606273944792,6.5490029143063e-05,0,0.00690919807459314,6.5490029143063e-05,0.00386391171944072,0.000163725072857657,6.5490029143063e-05,0.000491175218572972,3.27450145715315e-05,0.00065490029143063,0.0707619764890795,6.5490029143063e-05,0.0916205507711451,0.000130980058286126,0.00117882052457513,6.5490029143063e-05
"fOTU1230",0.000392940174858378,9.82350437145945e-05,6.5490029143063e-05,0,0.000523920233144504,0,3.27450145715315e-05,0.000622155276859098,0.000163725072857657,6.5490029143063e-05,9.82350437145945e-05,0,0.000458430204001441,3.27450145715315e-05,0,9.82350437145945e-05,0,0,0.000818625364288287,0.000425685189429909
"fOTU6564",0.000491175218572972,0,0,0,0,0,3.27450145715315e-05,0,0.00756409836602377,0,3.27450145715315e-05,0,0,0,0.000458430204001441,0,0.000523920233144504,0,0,0
"fOTU5174",0.0292412980123776,0.00658174792887783,0,0,0,0,0,0,0,0,0,0,0,0,9.82350437145945e-05,0,0.000327450145715315,3.27450145715315e-05,0.000196470087429189,0
"fOTU4407",0.0227577851272144,0.030125413405809,0.0700743311830774,0.0151281967320475,0.0142768263531877,0,0.166835849241953,0.187432463407446,0.0120174203477521,0.0299289433183798,0.0238383706080749,0.226824715936999,0.111038344412063,0.0983660237728806,0.00523920233144504,0.129506532630407,0.000327450145715315,0.169422705393104,0.0878221290808474,0.141622188021874
"fOTU4409",0,3.27450145715315e-05,0,0,0,0,0,0.000491175218572972,0,0,0,0.0104456596483185,0,0.000949605422574413,0,0.0131962408723272,0,0.167883689708242,0,0
"fOTU2780",0.000458430204001441,0,0,0.000163725072857657,9.82350437145945e-05,0,0.00206293591800648,0.000491175218572972,0.00206293591800648,3.27450145715315e-05,3.27450145715315e-05,0.0627721929336259,0.000916860408002882,0.00327450145715315,0.00121156553914666,0.000523920233144504,0.00104784046628901,0.00144078064114739,0,0
"fOTU2783",9.82350437145945e-05,0.000425685189429909,3.27450145715315e-05,0.0040603818068699,0.00065490029143063,0,0.00638527784144864,0.000392940174858378,0.00337273650086774,0.00065490029143063,9.82350437145945e-05,0.00389665673401225,0.000163725072857657,0.00170274075771964,0.0731523625528013,0.000163725072857657,0.0814368512393988,0.000458430204001441,0.00104784046628901,0.00157176069943351
"fOTU1605",0,0,0,0.000916860408002882,0,0,0.00605782769573332,0,0.00104784046628901,0,0,0,0,0.000196470087429189,0.0325812894986738,0,0.0310095287992403,0,0.000360195160286846,3.27450145715315e-05
"fOTU1459",0,3.27450145715315e-05,0,6.5490029143063e-05,0,0,0.000851370378859819,0,0.000261960116572252,0,0,3.27450145715315e-05,9.82350437145945e-05,3.27450145715315e-05,0.00566488752087495,0,0.00520645731687351,6.5490029143063e-05,9.82350437145945e-05,0
"fOTU2167",0.000622155276859098,0.00438783195258522,0.000163725072857657,0.00350371655915387,0.000163725072857657,0,0.0047807721274436,0.00150627067029045,0.0011460755100036,0.0040603818068699,0.00101509545171748,0.00844821375945512,0.0012443105537182,0.00933232915288647,0.030190903434952,0.00186646583057729,0.0318608991781001,0.00307803136972396,0.00216117096172108,0.00127705556828973
"fOTU1649",0,3.27450145715315e-05,0,3.27450145715315e-05,3.27450145715315e-05,0,0,9.82350437145945e-05,0,0,0,0.00157176069943351,0,0.000196470087429189,0,0.00245587609286486,0,0.0145715314843315,0,6.5490029143063e-05
"fOTU501",0.000261960116572252,0,0.000523920233144504,0.00104784046628901,0,0,6.5490029143063e-05,0,0,0.000851370378859819,0.000589410262287567,0,0.000425685189429909,0.000130980058286126,0,0,0,0,6.5490029143063e-05,0.000163725072857657
"fOTU1029",0,0.00144078064114739,3.27450145715315e-05,0.00520645731687351,3.27450145715315e-05,0,0,0.000360195160286846,0,0.00579586757916107,0.000130980058286126,0,0,9.82350437145945e-05,0,0.00275058122400864,0,0,0.000687645306002161,0.000392940174858378
"fOTU1022",0.000327450145715315,0,0.000163725072857657,0,0,0,0.000982350437145945,0.00022921510200072,0.00494449720030125,0.00343822653001081,0.00140803562657585,0,0.000458430204001441,0.000491175218572972,0,0.00104784046628901,0,0.00088411539343135,0,0
"fOTU232",0,0.0157830970234782,3.27450145715315e-05,0.00268509119486558,6.5490029143063e-05,0,0,0,9.82350437145945e-05,0.00022921510200072,0,0,6.5490029143063e-05,0.000196470087429189,0,0.00022921510200072,0,0,0,0
"fOTU1477",0,0.00219391597629261,0,0.00674547300173549,0,0,0,0.00065490029143063,0.00022921510200072,0.00631978781230558,0,0.00340548151543927,0,0.000163725072857657,0,0.0011460755100036,0,0.0101836995317463,0,0.00121156553914666
"fOTU304",0,0.00340548151543927,0,0.000491175218572972,0,0,0,3.27450145715315e-05,6.5490029143063e-05,0,0,0,0,6.5490029143063e-05,0,0,0,0,0.000130980058286126,0.000163725072857657
"fOTU495",0,0,0.000196470087429189,0.0022921510200072,0,0,0,0.000294705131143783,0.000556665247716035,0,0.000360195160286846,0.00242313107829333,0,0.000294705131143783,0,0.000949605422574413,0,0,0,0.00108058548086054
"fOTU878",0.000130980058286126,0,0.000261960116572252,0.00065490029143063,0.000982350437145945,0,0.000360195160286846,0.000327450145715315,0.00170274075771964,0,0.000360195160286846,0,0.000392940174858378,3.27450145715315e-05,0,9.82350437145945e-05,0,6.5490029143063e-05,0.000327450145715315,0
"fOTU1418",0,0,0,0.000720390320573693,0,0,0,0.000130980058286126,0,0.00130980058286126,0,0,0.000196470087429189,6.5490029143063e-05,0,0.00022921510200072,0,0.00140803562657585,0,0.000556665247716035
"fOTU1412",6.5490029143063e-05,0.00212842594714955,6.5490029143063e-05,0.000294705131143783,0,0,3.27450145715315e-05,0,0,0,0,0,0,0,0,0.000360195160286846,0,0.000556665247716035,0,0
"fOTU464",6.5490029143063e-05,0.000687645306002161,0,0.00170274075771964,0,0,0,3.27450145715315e-05,0,0,0,0.000327450145715315,6.5490029143063e-05,0.000163725072857657,0,0.000818625364288287,0,0.00022921510200072,0,6.5490029143063e-05
"fOTU264",6.5490029143063e-05,0.00065490029143063,0,0.0151936867611906,3.27450145715315e-05,0,0,0.000327450145715315,3.27450145715315e-05,0.00343822653001081,3.27450145715315e-05,0.00121156553914666,0,0.00022921510200072,0,0.000294705131143783,0,0,0,0.000163725072857657
"fOTU927",0.000491175218572972,0,0.000851370378859819,0.00425685189429909,0.000491175218572972,0,6.5490029143063e-05,3.27450145715315e-05,0.012999770784898,0.000589410262287567,0.00153901568486198,3.27450145715315e-05,0.000327450145715315,0.000687645306002161,0,0.000982350437145945,0,0,0,0
"fOTU1438",0,0.00333999148629621,0,0.000589410262287567,0,0,0,3.27450145715315e-05,0,0.00356920658829693,0,0.000720390320573693,0,3.27450145715315e-05,0,0.000458430204001441,0,0.000818625364288287,0,0.000425685189429909
"fOTU121",3.27450145715315e-05,0.00232489603457874,3.27450145715315e-05,0,0,0,0.000130980058286126,0.000130980058286126,0,0,0,0,0,0,0,0,0,0.000196470087429189,0.000196470087429189,0.000982350437145945
"fOTU942",6.5490029143063e-05,0,0.000523920233144504,0,0.000130980058286126,0,0.00828448868659747,0.000327450145715315,0.105569926978618,0.00772782343888143,9.82350437145945e-05,0,0.00399489177772684,0,0,0,0,0,0.00464979206915747,0
"fOTU1171",0,0,0.000163725072857657,0.000982350437145945,0.0011460755100036,0,9.82350437145945e-05,0.000360195160286846,0.000261960116572252,0,0.000130980058286126,0,0,0.000163725072857657,0,0,0,0,0.00180097580143423,0.00399489177772684
"fOTU728",0,0,0,0.00576312256458954,0,0,0,0.00163725072857657,0,0.00160450571400504,0,0,3.27450145715315e-05,0.000327450145715315,0,0.00022921510200072,0,0.000196470087429189,0,0.00160450571400504
"fOTU729",0,0.00163725072857657,0,0,0,0,0,0.000130980058286126,0.00150627067029045,0.000916860408002882,0,0.00022921510200072,0,0,0,0.000196470087429189,0,0.00304528635515243,0,0.000196470087429189
"fOTU438",0,6.5490029143063e-05,0,0.000851370378859819,0,0,0,3.27450145715315e-05,0,0,0,0,0.00130980058286126,0,0,0.000196470087429189,0,0.00160450571400504,0,0
"fOTU1341",0.000196470087429189,0,0.000261960116572252,0,0.000753135335145224,0,9.82350437145945e-05,0,0.00065490029143063,0,0.00108058548086054,0,0.00170274075771964,0.00065490029143063,9.82350437145945e-05,0,0,0,0.00022921510200072,0
"fOTU130",0,0.000949605422574413,0,0.00563214250630342,0,0,0,0.00392940174858378,0,0,0,0.00153901568486198,0.000130980058286126,0.000163725072857657,0,0.000392940174858378,0,0.000294705131143783,0,0.000360195160286846
"fOTU4307",0.00134254559743279,0,6.5490029143063e-05,0,0,0,0,0,0.000327450145715315,0,0.00857919381774125,0,0.000687645306002161,0,0.000491175218572972,0.000327450145715315,0,0,0.000622155276859098,0
"fOTU1204",0,0.00170274075771964,0,0.00147352565571892,0,0,0,3.27450145715315e-05,0,0.000327450145715315,0,6.5490029143063e-05,0,3.27450145715315e-05,0,6.5490029143063e-05,0,9.82350437145945e-05,0,0.000130980058286126
"fOTU1119",0,0,0,0,0,0,6.5490029143063e-05,3.27450145715315e-05,0.00641802285602017,0.00121156553914666,0.0022921510200072,0.00022921510200072,0.000458430204001441,0.000261960116572252,0,0,0,0.000818625364288287,0,0
"fOTU1206",0,0,0,0.000130980058286126,0,0,0,0.00209568093257802,3.27450145715315e-05,0.00127705556828973,0,0.000491175218572972,0,3.27450145715315e-05,0,0.00275058122400864,0,0,0,0.000360195160286846
"fOTU880",0.000130980058286126,0.00104784046628901,9.82350437145945e-05,0,0.000392940174858378,0,0,0,0.000196470087429189,0,0,0.000720390320573693,0.000491175218572972,0.000130980058286126,0,0,0,0,0,0
